{
  "EL": 8.588898000000002,
  "VaR_0.99": 15.300000000000004,
  "CreditVaR_0.99": 6.711102000000002,
  "ES_0.99": 15.823990384615389,
  "n_obligors": 40,
  "n_sims": 200000,
  "rho": 0.15,
  "mean_pd_used": 0.47712459447022787,
  "sum_ead": 40.0,
  "mean_lgd": 0.45
}