{
  "model_name": "growth_ops_model",
  "n_train": 192,
  "n_test": 48,
  "roc_auc": 0.9739130434782608,
  "pr_auc": 0.9666693013691264,
  "accuracy": 0.9375,
  "precision": 0.9545454545454546,
  "recall": 0.9130434782608695,
  "confusion_matrix": [
    [
      24,
      1
    ],
    [
      2,
      21
    ]
  ],
  "feature_note": "Numeric middle fields are generic; flags and regime drive data quality and separations.",
  "timestamp": "2025-12-14T22:11:26.885321Z"
}